title,Wealth Screening Profile
description,Assessment results of a person's donation potential
type,object
properties.metadata.title,Metadata
properties.metadata.description,Metadata about the JSON payload
properties.metadata.type,object
properties.metadata.properties.createdBy.title,Created By
properties.metadata.properties.createdBy.description,The name of the originator (user or system) of the data. This is informational only, do not use in business logic!
properties.metadata.properties.createdBy.type,string
properties.metadata.properties.createdOn.title,Created On
properties.metadata.properties.createdOn.description,The date and time when the entity instance was created
properties.metadata.properties.createdOn.oneOf.type,string
properties.metadata.properties.createdOn.oneOf.format,date-time
properties.metadata.properties.createdOn.oneOf.pattern,^(-?(?:[1-9][0-9]*)?[0-9]{4})-(1[0-2]|0[1-9])-(3[0-1]|0[1-9]|[1-2][0-9])T(2[0-3]|[0-1][0-9]):([0-5][0-9]):([0-5][0-9])(\.[0-9]+)?(Z|[+-](?:2[0-3]|[0-1][0-9]):[0-5][0-9])?$
properties.metadata.properties.createdOn.oneOf.type,string
properties.metadata.properties.createdOn.oneOf.maxLength,
properties.metadata.properties.modifiedBy.title,Modified By
properties.metadata.properties.modifiedBy.description,The name of the modifier (user or system) of the data. This is informational only, do not use in business logic!
properties.metadata.properties.modifiedBy.type,string
properties.metadata.properties.modifiedOn.title,Modified On
properties.metadata.properties.modifiedOn.description,The date and time when the entity instance was last modified
properties.metadata.properties.modifiedOn.oneOf.type,string
properties.metadata.properties.modifiedOn.oneOf.format,date-time
properties.metadata.properties.modifiedOn.oneOf.pattern,^(-?(?:[1-9][0-9]*)?[0-9]{4})-(1[0-2]|0[1-9])-(3[0-1]|0[1-9]|[1-2][0-9])T(2[0-3]|[0-1][0-9]):([0-5][0-9]):([0-5][0-9])(\.[0-9]+)?(Z|[+-](?:2[0-3]|[0-1][0-9]):[0-5][0-9])?$
properties.metadata.properties.modifiedOn.oneOf.type,string
properties.metadata.properties.modifiedOn.oneOf.maxLength,
properties.metadata.additionalProperties,false
properties.recordId.title,Record ID
properties.recordId.description,The internal identifier of the wealth screening profile record at the origin
properties.recordId.type,integer
properties.personId.title,Person ID
properties.personId.description,The global identifier of the person, whose wealth screening is performed
properties.personId.type,string
properties.personId.format,guid
properties.personId.pattern,^[a-f0-9]{8}(?:-[a-f0-9]{4}){3}-[a-f0-9]{12}$
properties.title.title,Title
properties.title.description,The full name of the wealth screening profile record
properties.title.type,string
properties.title.minLength,1
properties.description.title,Description
properties.description.description,The full description of the wealth screening profile record
properties.description.type,string
properties.metrics.title,Metrics
properties.metrics.description,Wealth screening profile metrics
properties.metrics.type,array
properties.metrics.items.oneOf.title,Propensity to Give
properties.metrics.items.oneOf.description,Person's propensity to give
properties.metrics.items.oneOf.type,object
properties.metrics.items.oneOf.properties.metric.title,Metric
properties.metrics.items.oneOf.properties.metric.description,
properties.metrics.items.oneOf.properties.value.title,Value
properties.metrics.items.oneOf.properties.value.description,
properties.metrics.items.oneOf.properties.value.oneOf.title,Excellent
properties.metrics.items.oneOf.properties.value.oneOf.description,
properties.metrics.items.oneOf.properties.value.oneOf.enum,1
properties.metrics.items.oneOf.properties.value.oneOf.type,integer
properties.metrics.items.oneOf.properties.value.oneOf.title,Above Average
properties.metrics.items.oneOf.properties.value.oneOf.description,
properties.metrics.items.oneOf.properties.value.oneOf.enum,2
properties.metrics.items.oneOf.properties.value.oneOf.type,integer
properties.metrics.items.oneOf.properties.value.oneOf.title,Average
properties.metrics.items.oneOf.properties.value.oneOf.description,
properties.metrics.items.oneOf.properties.value.oneOf.enum,3
properties.metrics.items.oneOf.properties.value.oneOf.type,integer
properties.metrics.items.oneOf.properties.value.oneOf.title,Fair
properties.metrics.items.oneOf.properties.value.oneOf.description,
properties.metrics.items.oneOf.properties.value.oneOf.enum,4
properties.metrics.items.oneOf.properties.value.oneOf.type,integer
properties.metrics.items.oneOf.properties.value.oneOf.title,Unmatched
properties.metrics.items.oneOf.properties.value.oneOf.description,
properties.metrics.items.oneOf.properties.value.oneOf.enum,5
properties.metrics.items.oneOf.properties.value.oneOf.type,integer
properties.metrics.items.oneOf.properties.value.oneOf.type,object
properties.metrics.items.oneOf.properties.value.oneOf.maxProperties,
properties.metrics.items.oneOf.additionalProperties,false
properties.metrics.items.oneOf.minProperties,2
properties.metrics.items.oneOf.required,metric;value
properties.metrics.items.oneOf.title,Giving Capacity
properties.metrics.items.oneOf.description,Person's giving capacity
properties.metrics.items.oneOf.type,object
properties.metrics.items.oneOf.properties.metric.title,Metric
properties.metrics.items.oneOf.properties.metric.description,
properties.metrics.items.oneOf.properties.value.title,Value
properties.metrics.items.oneOf.properties.value.description,
properties.metrics.items.oneOf.properties.value.oneOf.type,integer
properties.metrics.items.oneOf.properties.value.oneOf.minimum,
properties.metrics.items.oneOf.properties.value.oneOf.maximum,9
properties.metrics.items.oneOf.properties.value.oneOf.type,null
properties.metrics.items.oneOf.additionalProperties,false
properties.metrics.items.oneOf.minProperties,2
properties.metrics.items.oneOf.required,metric;value
properties.metrics.items.oneOf.title,Asset Range
properties.metrics.items.oneOf.description,Total value of all assets held by a household
properties.metrics.items.oneOf.type,object
properties.metrics.items.oneOf.properties.metric.title,Metric
properties.metrics.items.oneOf.properties.metric.description,
properties.metrics.items.oneOf.properties.value.title,Value
properties.metrics.items.oneOf.properties.value.description,
properties.metrics.items.oneOf.properties.value.enum,Unable to Rate;<$25K;$25K-$50K;$50K-$100K;$100K-$500K;$500K-$1MM;$1MM-$5MM;$5MM-$10MM;$10MM-$25MM;$25MM-$50MM;$50MM-$100MM;$100MM-$500MM;$500MM+;
properties.metrics.items.oneOf.properties.value.type,string
properties.metrics.items.oneOf.additionalProperties,false
properties.metrics.items.oneOf.minProperties,2
properties.metrics.items.oneOf.required,metric;value
properties.metrics.items.oneOf.title,Asset Rating
properties.metrics.items.oneOf.description,Corresponding rating for Total Assets Range
properties.metrics.items.oneOf.type,object
properties.metrics.items.oneOf.properties.metric.title,Metric
properties.metrics.items.oneOf.properties.metric.description,
properties.metrics.items.oneOf.properties.value.title,Value
properties.metrics.items.oneOf.properties.value.description,
properties.metrics.items.oneOf.properties.value.enum,WE.ASSETS.999;WE.ASSETS.001;WE.ASSETS.002;WE.ASSETS.003;WE.ASSETS.004;WE.ASSETS.005;WE.ASSETS.006;WE.ASSETS.007;WE.ASSETS.008;WE.ASSETS.009;WE.ASSETS.010;WE.ASSETS.011;WE.ASSETS.012;
properties.metrics.items.oneOf.properties.value.type,string
properties.metrics.items.oneOf.additionalProperties,false
properties.metrics.items.oneOf.minProperties,2
properties.metrics.items.oneOf.required,metric;value
properties.metrics.items.oneOf.title,Net Worth Range
properties.metrics.items.oneOf.description,Difference between total assets and total debt for a household
properties.metrics.items.oneOf.type,object
properties.metrics.items.oneOf.properties.metric.title,Metric
properties.metrics.items.oneOf.properties.metric.description,
properties.metrics.items.oneOf.properties.value.title,Value
properties.metrics.items.oneOf.properties.value.description,
properties.metrics.items.oneOf.properties.value.enum,Unable to Rate;<$25K;$25K-$50K;$50K-$100K;$100K-$500K;$500K-$1MM;$1MM-$5MM;$5MM-$10MM;$10MM-$25MM;$25MM-$50MM;$50MM-$100MM;$100MM-$500MM;$500MM+;
properties.metrics.items.oneOf.properties.value.type,string
properties.metrics.items.oneOf.additionalProperties,false
properties.metrics.items.oneOf.minProperties,2
properties.metrics.items.oneOf.required,metric;value
properties.metrics.items.oneOf.title,Net Worth Rating
properties.metrics.items.oneOf.description,Corresponding rating for Net Worth Range
properties.metrics.items.oneOf.type,object
properties.metrics.items.oneOf.properties.metric.title,Metric
properties.metrics.items.oneOf.properties.metric.description,
properties.metrics.items.oneOf.properties.value.title,Value
properties.metrics.items.oneOf.properties.value.description,
properties.metrics.items.oneOf.properties.value.enum,WE.NETWRTH.999;WE.NETWRTH.001;WE.NETWRTH.002;WE.NETWRTH.003;WE.NETWRTH.004;WE.NETWRTH.005;WE.NETWRTH.006;WE.NETWRTH.007;WE.NETWRTH.008;WE.NETWRTH.009;WE.NETWRTH.010;WE.NETWRTH.011;WE.NETWRTH.012;
properties.metrics.items.oneOf.properties.value.type,string
properties.metrics.items.oneOf.additionalProperties,false
properties.metrics.items.oneOf.minProperties,2
properties.metrics.items.oneOf.required,metric;value
properties.metrics.items.oneOf.title,Liquidity Range
properties.metrics.items.oneOf.description,Measure of financial assets readily available
properties.metrics.items.oneOf.type,object
properties.metrics.items.oneOf.properties.metric.title,Metric
properties.metrics.items.oneOf.properties.metric.description,
properties.metrics.items.oneOf.properties.value.title,Value
properties.metrics.items.oneOf.properties.value.description,
properties.metrics.items.oneOf.properties.value.enum,Unable to Rate;<$10K;$10K-$100K;$100K-$500K;$500K+;
properties.metrics.items.oneOf.properties.value.type,string
properties.metrics.items.oneOf.additionalProperties,false
properties.metrics.items.oneOf.minProperties,2
properties.metrics.items.oneOf.required,metric;value
properties.metrics.items.oneOf.title,Liquidity Rating
properties.metrics.items.oneOf.description,Corresponding rating for Liquidity (Cash on Hand) Range
properties.metrics.items.oneOf.type,object
properties.metrics.items.oneOf.properties.metric.title,Metric
properties.metrics.items.oneOf.properties.metric.description,
properties.metrics.items.oneOf.properties.value.title,Value
properties.metrics.items.oneOf.properties.value.description,
properties.metrics.items.oneOf.properties.value.enum,WE.LIQUID.999;WE.LIQUID.001;WE.LIQUID.002;WE.LIQUID.003;WE.LIQUID.004;
properties.metrics.items.oneOf.properties.value.type,string
properties.metrics.items.oneOf.additionalProperties,false
properties.metrics.items.oneOf.minProperties,2
properties.metrics.items.oneOf.required,metric;value
properties.metrics.items.oneOf.title,Estimated Annual Donations Range
properties.metrics.items.oneOf.description,Measure of money a person gives annually to all nonprofits
properties.metrics.items.oneOf.type,object
properties.metrics.items.oneOf.properties.metric.title,Metric
properties.metrics.items.oneOf.properties.metric.description,
properties.metrics.items.oneOf.properties.value.title,Value
properties.metrics.items.oneOf.properties.value.description,
properties.metrics.items.oneOf.properties.value.enum,Unable to Rate;<$1K;$1K-$5K;$5K-$10K;$10K-$25K;$25K-$50K;$50K-$100K;$100K+;
properties.metrics.items.oneOf.properties.value.type,string
properties.metrics.items.oneOf.additionalProperties,false
properties.metrics.items.oneOf.minProperties,2
properties.metrics.items.oneOf.required,metric;value
properties.metrics.items.oneOf.title,Estimated Annual Donations Rating
properties.metrics.items.oneOf.description,Corresponding rating for Estimated Annual Donations Range
properties.metrics.items.oneOf.type,object
properties.metrics.items.oneOf.properties.metric.title,Metric
properties.metrics.items.oneOf.properties.metric.description,
properties.metrics.items.oneOf.properties.value.title,Value
properties.metrics.items.oneOf.properties.value.description,
properties.metrics.items.oneOf.properties.value.enum,WE.ANNDON.999;WE.ANNDON.001;WE.ANNDON.002;WE.ANNDON.003;WE.ANNDON.004;WE.ANNDON.005;WE.ANNDON.006;WE.ANNDON.007;
properties.metrics.items.oneOf.properties.value.type,string
properties.metrics.items.oneOf.additionalProperties,false
properties.metrics.items.oneOf.minProperties,2
properties.metrics.items.oneOf.required,metric;value
properties.metrics.items.oneOf.title,Inclination Giving
properties.metrics.items.oneOf.description,Measure of philanthropic intent based on client supplied giving information
properties.metrics.items.oneOf.type,object
properties.metrics.items.oneOf.properties.metric.title,Metric
properties.metrics.items.oneOf.properties.metric.description,
properties.metrics.items.oneOf.properties.value.title,Value
properties.metrics.items.oneOf.properties.value.description,
properties.metrics.items.oneOf.properties.value.enum,Giving data not provided;Prospect;Small Dated Gift;Moderate Dated Gift(s);Small Recent Gift: One Time Giver;Small Recent Gift: Frequent Giver;Large Dated Gift;Moderate Recent Gift: One Time Giver;Moderate Recent Gift: Frequent Giver;Large Recent Gift;
properties.metrics.items.oneOf.properties.value.type,string
properties.metrics.items.oneOf.additionalProperties,false
properties.metrics.items.oneOf.minProperties,2
properties.metrics.items.oneOf.required,metric;value
properties.metrics.items.oneOf.title,Inclination Affiliation
properties.metrics.items.oneOf.description,Measure of philanthropic intent based on affiliations and political giving
properties.metrics.items.oneOf.type,object
properties.metrics.items.oneOf.properties.metric.title,Metric
properties.metrics.items.oneOf.properties.metric.description,
properties.metrics.items.oneOf.properties.value.title,Value
properties.metrics.items.oneOf.properties.value.description,
properties.metrics.items.oneOf.properties.value.enum,Unable to rate;Younger w/o Affiliation;Younger w/ Moderate Political Support;Older w/o Political Support;Older w/ Moderate Political Support;Strong Political Support;Older w/ Strong Political, Charitable Affiliation;
properties.metrics.items.oneOf.properties.value.type,string
properties.metrics.items.oneOf.additionalProperties,false
properties.metrics.items.oneOf.minProperties,2
properties.metrics.items.oneOf.required,metric;value
properties.metrics.items.oneOf.title,Giving Capacity Range
properties.metrics.items.oneOf.description,Amount a prospect can afford to give to all nonprofits over a 5 year period
properties.metrics.items.oneOf.type,object
properties.metrics.items.oneOf.properties.metric.title,Metric
properties.metrics.items.oneOf.properties.metric.description,
properties.metrics.items.oneOf.properties.value.title,Value
properties.metrics.items.oneOf.properties.value.description,
properties.metrics.items.oneOf.properties.value.enum,Unable to Rate;<$1K;$1K-$2K;$2K-$3K;$3K-$5K;$5K-$7.5K;$7.5K-$10K;$10K-$15K;$15K-$20K;$20K-$25K;$25K-$30K;$30K-$40K;$40K-$50K;$50K-$75K;$75K-$100K;$100K-$200K;$200K-$300K;$300K-$500K;$500K-$1MM;$1MM-$5MM;$5MM+;
properties.metrics.items.oneOf.properties.value.type,string
properties.metrics.items.oneOf.additionalProperties,false
properties.metrics.items.oneOf.minProperties,2
properties.metrics.items.oneOf.required,metric;value
properties.metrics.items.oneOf.title,Giving Capacity Rating
properties.metrics.items.oneOf.description,Corresponding rating for Giving Capacity Range
properties.metrics.items.oneOf.type,object
properties.metrics.items.oneOf.properties.metric.title,Metric
properties.metrics.items.oneOf.properties.metric.description,
properties.metrics.items.oneOf.properties.value.title,Value
properties.metrics.items.oneOf.properties.value.description,
properties.metrics.items.oneOf.properties.value.enum,WE.GIVCAP.999;WE.GIVCAP.001;WE.GIVCAP.002;WE.GIVCAP.003;WE.GIVCAP.004;WE.GIVCAP.005;WE.GIVCAP.006;WE.GIVCAP.007;WE.GIVCAP.008;WE.GIVCAP.009;WE.GIVCAP.010;WE.GIVCAP.011;WE.GIVCAP.012;WE.GIVCAP.013;WE.GIVCAP.014;WE.GIVCAP.015;WE.GIVCAP.016;WE.GIVCAP.017;WE.GIVCAP.018;WE.GIVCAP.019;WE.GIVCAP.020;
properties.metrics.items.oneOf.properties.value.type,string
properties.metrics.items.oneOf.additionalProperties,false
properties.metrics.items.oneOf.minProperties,2
properties.metrics.items.oneOf.required,metric;value
properties.metrics.items.oneOf.title,Bequest
properties.metrics.items.oneOf.description,Indicates a good candidate for the bequest type of giving
properties.metrics.items.oneOf.type,object
properties.metrics.items.oneOf.properties.metric.title,Metric
properties.metrics.items.oneOf.properties.metric.description,
properties.metrics.items.oneOf.properties.value.title,Value
properties.metrics.items.oneOf.properties.value.description,
properties.metrics.items.oneOf.properties.value.enum,YES;NO;
properties.metrics.items.oneOf.properties.value.type,string
properties.metrics.items.oneOf.additionalProperties,false
properties.metrics.items.oneOf.minProperties,2
properties.metrics.items.oneOf.required,metric;value
properties.metrics.items.oneOf.title,Annuity
properties.metrics.items.oneOf.description,Indicates a good candidate for the annuity type of giving
properties.metrics.items.oneOf.type,object
properties.metrics.items.oneOf.properties.metric.title,Metric
properties.metrics.items.oneOf.properties.metric.description,
properties.metrics.items.oneOf.properties.value.title,Value
properties.metrics.items.oneOf.properties.value.description,
properties.metrics.items.oneOf.properties.value.minimum,
properties.metrics.items.oneOf.properties.value.maximum,9
properties.metrics.items.oneOf.properties.value.type,integer
properties.metrics.items.oneOf.additionalProperties,false
properties.metrics.items.oneOf.minProperties,2
properties.metrics.items.oneOf.required,metric;value
properties.metrics.items.oneOf.title,Trust
properties.metrics.items.oneOf.description,Indicates a good candidate for the trust type of giving
properties.metrics.items.oneOf.type,object
properties.metrics.items.oneOf.properties.metric.title,Metric
properties.metrics.items.oneOf.properties.metric.description,
properties.metrics.items.oneOf.properties.value.title,Value
properties.metrics.items.oneOf.properties.value.description,
properties.metrics.items.oneOf.properties.value.minimum,
properties.metrics.items.oneOf.properties.value.maximum,9
properties.metrics.items.oneOf.properties.value.type,integer
properties.metrics.items.oneOf.additionalProperties,false
properties.metrics.items.oneOf.minProperties,2
properties.metrics.items.oneOf.required,metric;value
properties.metrics.items.oneOf.title,Influence Rating
properties.metrics.items.oneOf.description,Prospect's influence in their community based upon current board membership, represented by a number between 1 and 4 that indicates a quartile
properties.metrics.items.oneOf.type,object
properties.metrics.items.oneOf.properties.metric.title,Metric
properties.metrics.items.oneOf.properties.metric.description,
properties.metrics.items.oneOf.properties.value.title,Value
properties.metrics.items.oneOf.properties.value.description,
properties.metrics.items.oneOf.properties.value.minimum,1
properties.metrics.items.oneOf.properties.value.maximum,4
properties.metrics.items.oneOf.properties.value.type,integer
properties.metrics.items.oneOf.additionalProperties,false
properties.metrics.items.oneOf.minProperties,2
properties.metrics.items.oneOf.required,metric;value
properties.metrics.items.oneOf.title,Income Range
properties.metrics.items.oneOf.description,Total income range
properties.metrics.items.oneOf.type,object
properties.metrics.items.oneOf.properties.metric.title,Metric
properties.metrics.items.oneOf.properties.metric.description,
properties.metrics.items.oneOf.properties.value.title,Value
properties.metrics.items.oneOf.properties.value.description,
properties.metrics.items.oneOf.properties.value.enum,Unable to Rate;$1-$50K;$50K-$100K;$100K-$250K;$250K-$500K;$500K+;
properties.metrics.items.oneOf.properties.value.type,string
properties.metrics.items.oneOf.additionalProperties,false
properties.metrics.items.oneOf.minProperties,2
properties.metrics.items.oneOf.required,metric;value
properties.metrics.items.oneOf.title,Income Rating
properties.metrics.items.oneOf.description,Corresponding rating for total Income Range
properties.metrics.items.oneOf.type,object
properties.metrics.items.oneOf.properties.metric.title,Metric
properties.metrics.items.oneOf.properties.metric.description,
properties.metrics.items.oneOf.properties.value.title,Value
properties.metrics.items.oneOf.properties.value.description,
properties.metrics.items.oneOf.properties.value.enum,WE.INCOME.999;WE.INCOME.001;WE.INCOME.002;WE.INCOME.003;WE.INCOME.004;WE.INCOME.005;
properties.metrics.items.oneOf.properties.value.type,string
properties.metrics.items.oneOf.additionalProperties,false
properties.metrics.items.oneOf.minProperties,2
properties.metrics.items.oneOf.required,metric;value
properties.metrics.items.oneOf.title,Real Estate Value Range
properties.metrics.items.oneOf.description,Total real estate value range
properties.metrics.items.oneOf.type,object
properties.metrics.items.oneOf.properties.metric.title,Metric
properties.metrics.items.oneOf.properties.metric.description,
properties.metrics.items.oneOf.properties.value.title,Value
properties.metrics.items.oneOf.properties.value.description,
properties.metrics.items.oneOf.properties.value.enum,Unable to Rate;$1-$250K;$250K-$500K;$500K-$750K;$750K-$1MM;$1MM-$2MM;$2MM-$5MM;$5MM-$10MM;$10MM+;
properties.metrics.items.oneOf.properties.value.type,string
properties.metrics.items.oneOf.additionalProperties,false
properties.metrics.items.oneOf.minProperties,2
properties.metrics.items.oneOf.required,metric;value
properties.metrics.items.oneOf.title,Real Estate Value Rating
properties.metrics.items.oneOf.description,Corresponding rating for Real Estate Value Range
properties.metrics.items.oneOf.type,object
properties.metrics.items.oneOf.properties.metric.title,Metric
properties.metrics.items.oneOf.properties.metric.description,
properties.metrics.items.oneOf.properties.value.title,Value
properties.metrics.items.oneOf.properties.value.description,
properties.metrics.items.oneOf.properties.value.enum,WE.RELEST.999;WE.RELEST.001;WE.RELEST.002;WE.RELEST.003;WE.RELEST.004;WE.RELEST.005;WE.RELEST.006;WE.RELEST.007;WE.RELEST.008;
properties.metrics.items.oneOf.properties.value.type,string
properties.metrics.items.oneOf.additionalProperties,false
properties.metrics.items.oneOf.minProperties,2
properties.metrics.items.oneOf.required,metric;value
properties.metrics.items.oneOf.title,Property Count
properties.metrics.items.oneOf.description,Total real estate property count
properties.metrics.items.oneOf.type,object
properties.metrics.items.oneOf.properties.metric.title,Metric
properties.metrics.items.oneOf.properties.metric.description,
properties.metrics.items.oneOf.properties.value.title,Value
properties.metrics.items.oneOf.properties.value.description,
properties.metrics.items.oneOf.properties.value.minimum,
properties.metrics.items.oneOf.properties.value.type,integer
properties.metrics.items.oneOf.additionalProperties,false
properties.metrics.items.oneOf.minProperties,2
properties.metrics.items.oneOf.required,metric;value
properties.metrics.items.oneOf.title,Direct Stock Holdings Range
properties.metrics.items.oneOf.description,Total direct stock holdings range
properties.metrics.items.oneOf.type,object
properties.metrics.items.oneOf.properties.metric.title,Metric
properties.metrics.items.oneOf.properties.metric.description,
properties.metrics.items.oneOf.properties.value.title,Value
properties.metrics.items.oneOf.properties.value.description,
properties.metrics.items.oneOf.properties.value.enum,Unable to Rate;$1-$500K;$500K-$1MM;$1MM-$5MM;$5MM-$10MM;$10MM-$25MM;$25MM-$50MM;$50MM-$100MM;$100MM+;
properties.metrics.items.oneOf.properties.value.type,string
properties.metrics.items.oneOf.additionalProperties,false
properties.metrics.items.oneOf.minProperties,2
properties.metrics.items.oneOf.required,metric;value
properties.metrics.items.oneOf.title,Direct Stock Holdings Rating
properties.metrics.items.oneOf.description,Corresponding rating for Direct Stock Holdings Range
properties.metrics.items.oneOf.type,object
properties.metrics.items.oneOf.properties.metric.title,Metric
properties.metrics.items.oneOf.properties.metric.description,
properties.metrics.items.oneOf.properties.value.title,Value
properties.metrics.items.oneOf.properties.value.description,
properties.metrics.items.oneOf.properties.value.enum,WE.DSTOCK.999;WE.DSTOCK.001;WE.DSTOCK.002;WE.DSTOCK.003;WE.DSTOCK.004;WE.DSTOCK.005;WE.DSTOCK.006;WE.DSTOCK.007;WE.DSTOCK.008;
properties.metrics.items.oneOf.properties.value.type,string
properties.metrics.items.oneOf.additionalProperties,false
properties.metrics.items.oneOf.minProperties,2
properties.metrics.items.oneOf.required,metric;value
properties.metrics.items.oneOf.title,Total Stock Holdings Range
properties.metrics.items.oneOf.description,Total stock holdings range
properties.metrics.items.oneOf.type,object
properties.metrics.items.oneOf.properties.metric.title,Metric
properties.metrics.items.oneOf.properties.metric.description,
properties.metrics.items.oneOf.properties.value.title,Value
properties.metrics.items.oneOf.properties.value.description,
properties.metrics.items.oneOf.properties.value.enum,Unable to Rate;$1-$500K;$500K-$1MM;$1MM-$5MM;$5MM-$10MM;$10MM-$25MM;$25MM-$50MM;$50MM-$100MM;$100MM+;
properties.metrics.items.oneOf.properties.value.type,string
properties.metrics.items.oneOf.additionalProperties,false
properties.metrics.items.oneOf.minProperties,2
properties.metrics.items.oneOf.required,metric;value
properties.metrics.items.oneOf.title,Total Stock Holdings Rating
properties.metrics.items.oneOf.description,Corresponding rating for Total Stock Holdings Range
properties.metrics.items.oneOf.type,object
properties.metrics.items.oneOf.properties.metric.title,Metric
properties.metrics.items.oneOf.properties.metric.description,
properties.metrics.items.oneOf.properties.value.title,Value
properties.metrics.items.oneOf.properties.value.description,
properties.metrics.items.oneOf.properties.value.enum,WE.TSTOCK.999;WE.TSTOCK.001;WE.TSTOCK.002;WE.TSTOCK.003;WE.TSTOCK.004;WE.TSTOCK.005;WE.TSTOCK.006;WE.TSTOCK.007;WE.TSTOCK.008;
properties.metrics.items.oneOf.properties.value.type,string
properties.metrics.items.oneOf.additionalProperties,false
properties.metrics.items.oneOf.minProperties,2
properties.metrics.items.oneOf.required,metric;value
properties.metrics.items.oneOf.title,Total Donations Range
properties.metrics.items.oneOf.description,Total donations range
properties.metrics.items.oneOf.type,object
properties.metrics.items.oneOf.properties.metric.title,Metric
properties.metrics.items.oneOf.properties.metric.description,
properties.metrics.items.oneOf.properties.value.title,Value
properties.metrics.items.oneOf.properties.value.description,
properties.metrics.items.oneOf.properties.value.enum,Unable to Rate;<$25;$25-$50;$50-$100;$100-$200;$200-$300;$300-$750;$750-$1.5K;$1.5K-$3K;$3K-$5K;$5K-$10K;$10K-$25K;$25K-$50K;$50K-$100K;$100K-$500K;$500K-$1MM;$1MM+;
properties.metrics.items.oneOf.properties.value.type,string
properties.metrics.items.oneOf.additionalProperties,false
properties.metrics.items.oneOf.minProperties,2
properties.metrics.items.oneOf.required,metric;value
properties.metrics.items.oneOf.title,Total Donations Rating
properties.metrics.items.oneOf.description,Corresponding rating for Total Donations Range
properties.metrics.items.oneOf.type,object
properties.metrics.items.oneOf.properties.metric.title,Metric
properties.metrics.items.oneOf.properties.metric.description,
properties.metrics.items.oneOf.properties.value.title,Value
properties.metrics.items.oneOf.properties.value.description,
properties.metrics.items.oneOf.properties.value.enum,WE.DONTOT.999;WE.DONTOT.001;WE.DONTOT.002;WE.DONTOT.003;WE.DONTOT.004;WE.DONTOT.005;WE.DONTOT.006;WE.DONTOT.007;WE.DONTOT.008;WE.DONTOT.009;WE.DONTOT.010;WE.DONTOT.011;WE.DONTOT.012;WE.DONTOT.013;WE.DONTOT.014;WE.DONTOT.015;WE.DONTOT.016;
properties.metrics.items.oneOf.properties.value.type,string
properties.metrics.items.oneOf.additionalProperties,false
properties.metrics.items.oneOf.minProperties,2
properties.metrics.items.oneOf.required,metric;value
properties.metrics.items.oneOf.title,Charitable Donations Range
properties.metrics.items.oneOf.description,Charitable donations range
properties.metrics.items.oneOf.type,object
properties.metrics.items.oneOf.properties.metric.title,Metric
properties.metrics.items.oneOf.properties.metric.description,
properties.metrics.items.oneOf.properties.value.title,Value
properties.metrics.items.oneOf.properties.value.description,
properties.metrics.items.oneOf.properties.value.enum,Unable to Rate;<$50;$50-$150;$150-$500;$500-$1K;$1K-$1.25K;$1.25K-$2.5K;$2.5K-$5K;$5K-$10K;$10K-$20K;$20K-$50K;$50K-$100K;100K-$250K;$250K-$1MM;$1MM+;
properties.metrics.items.oneOf.properties.value.type,string
properties.metrics.items.oneOf.additionalProperties,false
properties.metrics.items.oneOf.minProperties,2
properties.metrics.items.oneOf.required,metric;value
properties.metrics.items.oneOf.title,Charitable Donations Rating
properties.metrics.items.oneOf.description,Corresponding rating for Charitable Donations Range
properties.metrics.items.oneOf.type,object
properties.metrics.items.oneOf.properties.metric.title,Metric
properties.metrics.items.oneOf.properties.metric.description,
properties.metrics.items.oneOf.properties.value.title,Value
properties.metrics.items.oneOf.properties.value.description,
properties.metrics.items.oneOf.properties.value.enum,WE.NPOGIV.999;WE.NPOGIV.001;WE.NPOGIV.002;WE.NPOGIV.003;WE.NPOGIV.004;WE.NPOGIV.005;WE.NPOGIV.006;WE.NPOGIV.007;WE.NPOGIV.008;WE.NPOGIV.009;WE.NPOGIV.010;WE.NPOGIV.011;WE.NPOGIV.012;WE.NPOGIV.013;WE.NPOGIV.014;
properties.metrics.items.oneOf.properties.value.type,string
properties.metrics.items.oneOf.additionalProperties,false
properties.metrics.items.oneOf.minProperties,2
properties.metrics.items.oneOf.required,metric;value
properties.metrics.items.oneOf.title,Political Donations Range
properties.metrics.items.oneOf.description,Total political donations range
properties.metrics.items.oneOf.type,object
properties.metrics.items.oneOf.properties.metric.title,Metric
properties.metrics.items.oneOf.properties.metric.description,
properties.metrics.items.oneOf.properties.value.title,Value
properties.metrics.items.oneOf.properties.value.description,
properties.metrics.items.oneOf.properties.value.enum,Unable to Rate;<$25;$25-$50;$50-$100;$100-$200;$200-$300;$300-$750;$750-$1.5K;$1.5K-$3K;$3K-$5K;$5K-$10K;$10K-$25K;$25K-$50K;$50K-$100K;$100K-$500K;$500K-$1MM;$1MM+;
properties.metrics.items.oneOf.properties.value.type,string
properties.metrics.items.oneOf.additionalProperties,false
properties.metrics.items.oneOf.minProperties,2
properties.metrics.items.oneOf.required,metric;value
properties.metrics.items.oneOf.title,Political Donations Rating
properties.metrics.items.oneOf.description,Corresponding rating for total Political Donations Range
properties.metrics.items.oneOf.type,object
properties.metrics.items.oneOf.properties.metric.title,Metric
properties.metrics.items.oneOf.properties.metric.description,
properties.metrics.items.oneOf.properties.value.title,Value
properties.metrics.items.oneOf.properties.value.description,
properties.metrics.items.oneOf.properties.value.enum,WE.POLDON.999;WE.POLDON.001;WE.POLDON.002;WE.POLDON.003;WE.POLDON.004;WE.POLDON.005;WE.POLDON.006;WE.POLDON.007;WE.POLDON.008;WE.POLDON.009;WE.POLDON.010;WE.POLDON.011;WE.POLDON.012;WE.POLDON.013;WE.POLDON.014;WE.POLDON.015;WE.POLDON.016;
properties.metrics.items.oneOf.properties.value.type,string
properties.metrics.items.oneOf.additionalProperties,false
properties.metrics.items.oneOf.minProperties,2
properties.metrics.items.oneOf.required,metric;value
properties.metrics.items.oneOf.title,Boat Owner
properties.metrics.items.oneOf.description,Flag indicating whether the individual owns a boat
properties.metrics.items.oneOf.type,object
properties.metrics.items.oneOf.properties.metric.title,Metric
properties.metrics.items.oneOf.properties.metric.description,
properties.metrics.items.oneOf.properties.value.title,Value
properties.metrics.items.oneOf.properties.value.description,
properties.metrics.items.oneOf.properties.value.enum,YES;NO;
properties.metrics.items.oneOf.properties.value.type,string
properties.metrics.items.oneOf.additionalProperties,false
properties.metrics.items.oneOf.minProperties,2
properties.metrics.items.oneOf.required,metric;value
properties.metrics.items.oneOf.title,Aircraft Owner
properties.metrics.items.oneOf.description,Flag indicating whether the individual owns an aircraft
properties.metrics.items.oneOf.type,object
properties.metrics.items.oneOf.properties.metric.title,Metric
properties.metrics.items.oneOf.properties.metric.description,
properties.metrics.items.oneOf.properties.value.title,Value
properties.metrics.items.oneOf.properties.value.description,
properties.metrics.items.oneOf.properties.value.enum,YES;NO;
properties.metrics.items.oneOf.properties.value.type,string
properties.metrics.items.oneOf.additionalProperties,false
properties.metrics.items.oneOf.minProperties,2
properties.metrics.items.oneOf.required,metric;value
properties.metrics.items.oneOf.title,Board Member
properties.metrics.items.oneOf.description,Flag indicating whether the individual is a non-profit board member
properties.metrics.items.oneOf.type,object
properties.metrics.items.oneOf.properties.metric.title,Metric
properties.metrics.items.oneOf.properties.metric.description,
properties.metrics.items.oneOf.properties.value.title,Value
properties.metrics.items.oneOf.properties.value.description,
properties.metrics.items.oneOf.properties.value.enum,YES;NO;
properties.metrics.items.oneOf.properties.value.type,string
properties.metrics.items.oneOf.additionalProperties,false
properties.metrics.items.oneOf.minProperties,2
properties.metrics.items.oneOf.required,metric;value
properties.metrics.items.oneOf.title,Company Value Range
properties.metrics.items.oneOf.description,Total Dun & Bradstreet reported company value range
properties.metrics.items.oneOf.type,object
properties.metrics.items.oneOf.properties.metric.title,Metric
properties.metrics.items.oneOf.properties.metric.description,
properties.metrics.items.oneOf.properties.value.title,Value
properties.metrics.items.oneOf.properties.value.description,
properties.metrics.items.oneOf.properties.value.enum,Unable to Rate;$1-$500K;$500K-$1MM;$1MM-$5MM;$5MM-$10MM;$10MM-$25MM;$25MM-$50MM;$50MM-$100MM;$100MM+;
properties.metrics.items.oneOf.properties.value.type,string
properties.metrics.items.oneOf.additionalProperties,false
properties.metrics.items.oneOf.minProperties,2
properties.metrics.items.oneOf.required,metric;value
properties.metrics.items.oneOf.title,Company Value Rating
properties.metrics.items.oneOf.description,Corresponding rating for total Dun & Bradstreet reported Company Value Range
properties.metrics.items.oneOf.type,object
properties.metrics.items.oneOf.properties.metric.title,Metric
properties.metrics.items.oneOf.properties.metric.description,
properties.metrics.items.oneOf.properties.value.title,Value
properties.metrics.items.oneOf.properties.value.description,
properties.metrics.items.oneOf.properties.value.enum,WE.COVALU.999;WE.COVALU.001;WE.COVALU.002;WE.COVALU.003;WE.COVALU.004;WE.COVALU.005;WE.COVALU.006;WE.COVALU.007;WE.COVALU.008;
properties.metrics.items.oneOf.properties.value.type,string
properties.metrics.items.oneOf.additionalProperties,false
properties.metrics.items.oneOf.minProperties,2
properties.metrics.items.oneOf.required,metric;value
properties.metrics.items.oneOf.title,Business Sales Volume Range
properties.metrics.items.oneOf.description,Business sales volume range
properties.metrics.items.oneOf.type,object
properties.metrics.items.oneOf.properties.metric.title,Metric
properties.metrics.items.oneOf.properties.metric.description,
properties.metrics.items.oneOf.properties.value.title,Value
properties.metrics.items.oneOf.properties.value.description,
properties.metrics.items.oneOf.properties.value.enum,Unable to Rate;$1-$500K;$500K-$1MM;$1MM-$5MM;$5MM-$10MM;$10MM-$25MM;$25MM-$50MM;$50MM-$100MM;$100MM+;
properties.metrics.items.oneOf.properties.value.type,string
properties.metrics.items.oneOf.additionalProperties,false
properties.metrics.items.oneOf.minProperties,2
properties.metrics.items.oneOf.required,metric;value
properties.metrics.items.oneOf.title,Business Sales Volume Rating
properties.metrics.items.oneOf.description,Corresponding rating for Business Sales Volume Range
properties.metrics.items.oneOf.type,object
properties.metrics.items.oneOf.properties.metric.title,Metric
properties.metrics.items.oneOf.properties.metric.description,
properties.metrics.items.oneOf.properties.value.title,Value
properties.metrics.items.oneOf.properties.value.description,
properties.metrics.items.oneOf.properties.value.enum,WE.BIZVOL.999;WE.BIZVOL.001;WE.BIZVOL.002;WE.BIZVOL.003;WE.BIZVOL.004;WE.BIZVOL.005;WE.BIZVOL.006;WE.BIZVOL.007;WE.BIZVOL.008;
properties.metrics.items.oneOf.properties.value.type,string
properties.metrics.items.oneOf.additionalProperties,false
properties.metrics.items.oneOf.minProperties,2
properties.metrics.items.oneOf.required,metric;value
properties.metrics.items.oneOf.title,Pensions Range
properties.metrics.items.oneOf.description,Held pensions range
properties.metrics.items.oneOf.type,object
properties.metrics.items.oneOf.properties.metric.title,Metric
properties.metrics.items.oneOf.properties.metric.description,
properties.metrics.items.oneOf.properties.value.title,Value
properties.metrics.items.oneOf.properties.value.description,
properties.metrics.items.oneOf.properties.value.enum,Unable to Rate;$1-$250K;$250K-$500K;$500K-$750K;$750K-$1MM;$1MM-$2MM;$2MM-$5MM;$5MM-$10MM;$10MM+;
properties.metrics.items.oneOf.properties.value.type,string
properties.metrics.items.oneOf.additionalProperties,false
properties.metrics.items.oneOf.minProperties,2
properties.metrics.items.oneOf.required,metric;value
properties.metrics.items.oneOf.title,Pensions Rating
properties.metrics.items.oneOf.description,Corresponding rating for Pensions Range
properties.metrics.items.oneOf.type,object
properties.metrics.items.oneOf.properties.metric.title,Metric
properties.metrics.items.oneOf.properties.metric.description,
properties.metrics.items.oneOf.properties.value.title,Value
properties.metrics.items.oneOf.properties.value.description,
properties.metrics.items.oneOf.properties.value.enum,WE.PENSON.999;WE.PENSON.001;WE.PENSON.002;WE.PENSON.003;WE.PENSON.004;WE.PENSON.005;WE.PENSON.006;WE.PENSON.007;WE.PENSON.008;
properties.metrics.items.oneOf.properties.value.type,string
properties.metrics.items.oneOf.additionalProperties,false
properties.metrics.items.oneOf.minProperties,2
properties.metrics.items.oneOf.required,metric;value
properties.metrics.items.oneOf.title,Giving Capacity Income Range
properties.metrics.items.oneOf.description,Portion of income used in calculating the giving capacity range
properties.metrics.items.oneOf.type,object
properties.metrics.items.oneOf.properties.metric.title,Metric
properties.metrics.items.oneOf.properties.metric.description,
properties.metrics.items.oneOf.properties.value.title,Value
properties.metrics.items.oneOf.properties.value.description,
properties.metrics.items.oneOf.properties.value.enum,Unable to Rate;<$5K;$5K-$10K;$10K-$15K;$15K-$20K;$20K-$25K;$25K-$30K;$30K-$35K;$35K-$40K;$40K-$45K;$45K-$50K;$50K+;
properties.metrics.items.oneOf.properties.value.type,string
properties.metrics.items.oneOf.additionalProperties,false
properties.metrics.items.oneOf.minProperties,2
properties.metrics.items.oneOf.required,metric;value
properties.metrics.items.oneOf.title,Giving Capacity Income Rating
properties.metrics.items.oneOf.description,Corresponding rating for Giving Capacity Income Range
properties.metrics.items.oneOf.type,object
properties.metrics.items.oneOf.properties.metric.title,Metric
properties.metrics.items.oneOf.properties.metric.description,
properties.metrics.items.oneOf.properties.value.title,Value
properties.metrics.items.oneOf.properties.value.description,
properties.metrics.items.oneOf.properties.value.enum,WE.GC-INC.999;WE.GC-INC.001;WE.GC-INC.002;WE.GC-INC.003;WE.GC-INC.004;WE.GC-INC.005;WE.GC-INC.006;WE.GC-INC.007;WE.GC-INC.008;WE.GC-INC.009;WE.GC-INC.010;WE.GC-INC.011;
properties.metrics.items.oneOf.properties.value.type,string
properties.metrics.items.oneOf.additionalProperties,false
properties.metrics.items.oneOf.minProperties,2
properties.metrics.items.oneOf.required,metric;value
properties.metrics.items.oneOf.title,Giving Capacity Real Estate Range
properties.metrics.items.oneOf.description,Portion of real estate used in calculating the giving capacity range
properties.metrics.items.oneOf.type,object
properties.metrics.items.oneOf.properties.metric.title,Metric
properties.metrics.items.oneOf.properties.metric.description,
properties.metrics.items.oneOf.properties.value.title,Value
properties.metrics.items.oneOf.properties.value.description,
properties.metrics.items.oneOf.properties.value.enum,Unable to Rate;<$5K;$5K-$10K;$10K-$15K;$15K-$20K;$20K-$25K;$25K-$30K;$30K-$40K;$40K-$50K;$50K-$75K;$75K-$100K;$100K-$200K;$200K-$500K;$500K-$1MM;$1MM+;
properties.metrics.items.oneOf.properties.value.type,string
properties.metrics.items.oneOf.additionalProperties,false
properties.metrics.items.oneOf.minProperties,2
properties.metrics.items.oneOf.required,metric;value
properties.metrics.items.oneOf.title,Giving Capacity Real Estate Rating
properties.metrics.items.oneOf.description,Corresponding rating for Giving Capacity Real Estate Range
properties.metrics.items.oneOf.type,object
properties.metrics.items.oneOf.properties.metric.title,Metric
properties.metrics.items.oneOf.properties.metric.description,
properties.metrics.items.oneOf.properties.value.title,Value
properties.metrics.items.oneOf.properties.value.description,
properties.metrics.items.oneOf.properties.value.enum,WE.GCREAL.999;WE.GCREAL.001;WE.GCREAL.002;WE.GCREAL.003;WE.GCREAL.004;WE.GCREAL.005;WE.GCREAL.006;WE.GCREAL.007;WE.GCREAL.008;WE.GCREAL.009;WE.GCREAL.010;WE.GCREAL.011;WE.GCREAL.012;WE.GCREAL.013;WE.GCREAL.014;
properties.metrics.items.oneOf.properties.value.type,string
properties.metrics.items.oneOf.additionalProperties,false
properties.metrics.items.oneOf.minProperties,2
properties.metrics.items.oneOf.required,metric;value
properties.metrics.items.oneOf.title,Giving Capacity Stocks Range
properties.metrics.items.oneOf.description,Portion of stock holdings value used in calculating the gift capacity range
properties.metrics.items.oneOf.type,object
properties.metrics.items.oneOf.properties.metric.title,Metric
properties.metrics.items.oneOf.properties.metric.description,
properties.metrics.items.oneOf.properties.value.title,Value
properties.metrics.items.oneOf.properties.value.description,
properties.metrics.items.oneOf.properties.value.enum,Unable to Rate;<$25K;$25K-$50K;$50K-$100K;$100K-$500K;$500K-$1MM;$1MM-$5MM;$5MM-$10MM;$10MM-$25MM;$25MM-$50MM;$50MM-$100MM;$100MM-$500MM;$500MM+;
properties.metrics.items.oneOf.properties.value.type,string
properties.metrics.items.oneOf.additionalProperties,false
properties.metrics.items.oneOf.minProperties,2
properties.metrics.items.oneOf.required,metric;value
properties.metrics.items.oneOf.title,Giving Capacity Stocks Rating
properties.metrics.items.oneOf.description,Corresponding rating for Giving Capacity Stocks Range
properties.metrics.items.oneOf.type,object
properties.metrics.items.oneOf.properties.metric.title,Metric
properties.metrics.items.oneOf.properties.metric.description,
properties.metrics.items.oneOf.properties.value.title,Value
properties.metrics.items.oneOf.properties.value.description,
properties.metrics.items.oneOf.properties.value.enum,WE.GCSTOK.999;WE.GCSTOK.001;WE.GCSTOK.002;WE.GCSTOK.003;WE.GCSTOK.004;WE.GCSTOK.005;WE.GCSTOK.006;WE.GCSTOK.007;WE.GCSTOK.008;WE.GCSTOK.009;WE.GCSTOK.010;WE.GCSTOK.011;WE.GCSTOK.012;
properties.metrics.items.oneOf.properties.value.type,string
properties.metrics.items.oneOf.additionalProperties,false
properties.metrics.items.oneOf.minProperties,2
properties.metrics.items.oneOf.required,metric;value
properties.metrics.items.oneOf.title,Giving Capacity Pension Range
properties.metrics.items.oneOf.description,Portion of pension used in calculating the giving capacity range
properties.metrics.items.oneOf.type,object
properties.metrics.items.oneOf.properties.metric.title,Metric
properties.metrics.items.oneOf.properties.metric.description,
properties.metrics.items.oneOf.properties.value.title,Value
properties.metrics.items.oneOf.properties.value.description,
properties.metrics.items.oneOf.properties.value.enum,Unable to Rate;<$25K;$25K-$50K;$50K-$75K;$75K-$100K;$100K-$200K;$200K-$500K;$500K-$1MM;$1MM+;
properties.metrics.items.oneOf.properties.value.type,string
properties.metrics.items.oneOf.additionalProperties,false
properties.metrics.items.oneOf.minProperties,2
properties.metrics.items.oneOf.required,metric;value
properties.metrics.items.oneOf.title,Giving Capacity Pension Rating
properties.metrics.items.oneOf.description,Corresponding rating for Giving Capacity Pension Range
properties.metrics.items.oneOf.type,object
properties.metrics.items.oneOf.properties.metric.title,Metric
properties.metrics.items.oneOf.properties.metric.description,
properties.metrics.items.oneOf.properties.value.title,Value
properties.metrics.items.oneOf.properties.value.description,
properties.metrics.items.oneOf.properties.value.enum,WE.GCPENS.999;WE.GCPENS.001;WE.GCPENS.002;WE.GCPENS.003;WE.GCPENS.004;WE.GCPENS.005;WE.GCPENS.006;WE.GCPENS.007;WE.GCPENS.008;
properties.metrics.items.oneOf.properties.value.type,string
properties.metrics.items.oneOf.additionalProperties,false
properties.metrics.items.oneOf.minProperties,2
properties.metrics.items.oneOf.required,metric;value
properties.metrics.items.oneOf.title,Giving Capacity Giving Range
properties.metrics.items.oneOf.description,Portion of donations used in calculating the giving capacity range
properties.metrics.items.oneOf.type,object
properties.metrics.items.oneOf.properties.metric.title,Metric
properties.metrics.items.oneOf.properties.metric.description,
properties.metrics.items.oneOf.properties.value.title,Value
properties.metrics.items.oneOf.properties.value.description,
properties.metrics.items.oneOf.properties.value.enum,Unable to Rate;$1-$1K;$1K-$2K;$2K-$3K;$3K-$5K;$5K-$7.5K;$7.5K-$10K;$10K-$15K;$15K-$20K;$20K-$25K;$25K-$30K;$30K-$40K;$40K-$50K;$50K-$75K;$75K-$100K;$100K-$200K;$200K-$300K;$300K-$500K;$500K-$1MM;$1MM-$5MM;$5MM+;
properties.metrics.items.oneOf.properties.value.type,string
properties.metrics.items.oneOf.additionalProperties,false
properties.metrics.items.oneOf.minProperties,2
properties.metrics.items.oneOf.required,metric;value
properties.metrics.items.oneOf.title,Giving Capacity Giving Rating
properties.metrics.items.oneOf.description,Corresponding rating for Giving Capacity Giving Range
properties.metrics.items.oneOf.type,object
properties.metrics.items.oneOf.properties.metric.title,Metric
properties.metrics.items.oneOf.properties.metric.description,
properties.metrics.items.oneOf.properties.value.title,Value
properties.metrics.items.oneOf.properties.value.description,
properties.metrics.items.oneOf.properties.value.enum,WE.GCGIFT.999;WE.GCGIFT.001;WE.GCGIFT.002;WE.GCGIFT.003;WE.GCGIFT.004;WE.GCGIFT.005;WE.GCGIFT.006;WE.GCGIFT.007;WE.GCGIFT.008;WE.GCGIFT.009;WE.GCGIFT.010;WE.GCGIFT.011;WE.GCGIFT.012;WE.GCGIFT.013;WE.GCGIFT.014;WE.GCGIFT.015;WE.GCGIFT.016;WE.GCGIFT.017;WE.GCGIFT.018;WE.GCGIFT.019;WE.GCGIFT.020;
properties.metrics.items.oneOf.properties.value.type,string
properties.metrics.items.oneOf.additionalProperties,false
properties.metrics.items.oneOf.minProperties,2
properties.metrics.items.oneOf.required,metric;value
properties.metrics.items.oneOf.title,Age Used
properties.metrics.items.oneOf.description,The age used as the input for WealthEngineï¿½s giving capacity rating
properties.metrics.items.oneOf.type,object
properties.metrics.items.oneOf.properties.metric.title,Metric
properties.metrics.items.oneOf.properties.metric.description,
properties.metrics.items.oneOf.properties.value.title,Value
properties.metrics.items.oneOf.properties.value.description,
properties.metrics.items.oneOf.properties.value.minimum,
properties.metrics.items.oneOf.properties.value.maximum,130
properties.metrics.items.oneOf.properties.value.type,integer
properties.metrics.items.oneOf.additionalProperties,false
properties.metrics.items.oneOf.minProperties,2
properties.metrics.items.oneOf.required,metric;value
properties.metrics.items.oneOf.title,Aircraft Quality of Match
properties.metrics.items.oneOf.description,Quality of match for Aircraft data source
properties.metrics.items.oneOf.type,object
properties.metrics.items.oneOf.properties.metric.title,Metric
properties.metrics.items.oneOf.properties.metric.description,
properties.metrics.items.oneOf.properties.value.title,Value
properties.metrics.items.oneOf.properties.value.description,
properties.metrics.items.oneOf.properties.value.enum,High;Medium;Low;
properties.metrics.items.oneOf.properties.value.type,string
properties.metrics.items.oneOf.additionalProperties,false
properties.metrics.items.oneOf.minProperties,2
properties.metrics.items.oneOf.required,metric;value
properties.metrics.items.oneOf.title,Airmen Quality of Match
properties.metrics.items.oneOf.description,Quality of match for Airmen data source
properties.metrics.items.oneOf.type,object
properties.metrics.items.oneOf.properties.metric.title,Metric
properties.metrics.items.oneOf.properties.metric.description,
properties.metrics.items.oneOf.properties.value.title,Value
properties.metrics.items.oneOf.properties.value.description,
properties.metrics.items.oneOf.properties.value.enum,High;Medium;Low;
properties.metrics.items.oneOf.properties.value.type,string
properties.metrics.items.oneOf.additionalProperties,false
properties.metrics.items.oneOf.minProperties,2
properties.metrics.items.oneOf.required,metric;value
properties.metrics.items.oneOf.title,Dun & Bradstreet State Business Registrations Quality of Match
properties.metrics.items.oneOf.description,Quality of match for Dun & Bradstreet State Business Registrations data source
properties.metrics.items.oneOf.type,object
properties.metrics.items.oneOf.properties.metric.title,Metric
properties.metrics.items.oneOf.properties.metric.description,
properties.metrics.items.oneOf.properties.value.title,Value
properties.metrics.items.oneOf.properties.value.description,
properties.metrics.items.oneOf.properties.value.enum,High;Medium;Low;
properties.metrics.items.oneOf.properties.value.type,string
properties.metrics.items.oneOf.additionalProperties,false
properties.metrics.items.oneOf.minProperties,2
properties.metrics.items.oneOf.required,metric;value
properties.metrics.items.oneOf.title,Dun & Bradstreet Quality of Match
properties.metrics.items.oneOf.description,Quality of match for Dun & Bradstreet data source
properties.metrics.items.oneOf.type,object
properties.metrics.items.oneOf.properties.metric.title,Metric
properties.metrics.items.oneOf.properties.metric.description,
properties.metrics.items.oneOf.properties.value.title,Value
properties.metrics.items.oneOf.properties.value.description,
properties.metrics.items.oneOf.properties.value.enum,High;Medium;Low;
properties.metrics.items.oneOf.properties.value.type,string
properties.metrics.items.oneOf.additionalProperties,false
properties.metrics.items.oneOf.minProperties,2
properties.metrics.items.oneOf.required,metric;value
properties.metrics.items.oneOf.title,Volunteers & Directors Quality of Match
properties.metrics.items.oneOf.description,Quality of match for Volunteers & Directors data source
properties.metrics.items.oneOf.type,object
properties.metrics.items.oneOf.properties.metric.title,Metric
properties.metrics.items.oneOf.properties.metric.description,
properties.metrics.items.oneOf.properties.value.title,Value
properties.metrics.items.oneOf.properties.value.description,
properties.metrics.items.oneOf.properties.value.enum,High;Medium;Low;
properties.metrics.items.oneOf.properties.value.type,string
properties.metrics.items.oneOf.additionalProperties,false
properties.metrics.items.oneOf.minProperties,2
properties.metrics.items.oneOf.required,metric;value
properties.metrics.items.oneOf.title,Do Not Mail Registry Quality of Match
properties.metrics.items.oneOf.description,Quality of match for National Do Not Mail Registry data source
properties.metrics.items.oneOf.type,object
properties.metrics.items.oneOf.properties.metric.title,Metric
properties.metrics.items.oneOf.properties.metric.description,
properties.metrics.items.oneOf.properties.value.title,Value
properties.metrics.items.oneOf.properties.value.description,
properties.metrics.items.oneOf.properties.value.enum,High;Medium;Low;
properties.metrics.items.oneOf.properties.value.type,string
properties.metrics.items.oneOf.additionalProperties,false
properties.metrics.items.oneOf.minProperties,2
properties.metrics.items.oneOf.required,metric;value
properties.metrics.items.oneOf.title,Federal Election Campaign Quality of Match
properties.metrics.items.oneOf.description,Quality of match for Federal Election Campaign data source
properties.metrics.items.oneOf.type,object
properties.metrics.items.oneOf.properties.metric.title,Metric
properties.metrics.items.oneOf.properties.metric.description,
properties.metrics.items.oneOf.properties.value.title,Value
properties.metrics.items.oneOf.properties.value.description,
properties.metrics.items.oneOf.properties.value.enum,High;Medium;Low;
properties.metrics.items.oneOf.properties.value.type,string
properties.metrics.items.oneOf.additionalProperties,false
properties.metrics.items.oneOf.minProperties,2
properties.metrics.items.oneOf.required,metric;value
properties.metrics.items.oneOf.title,Guidestar Foundations Quality of Match
properties.metrics.items.oneOf.description,Quality of match for Guidestar Foundations data source
properties.metrics.items.oneOf.type,object
properties.metrics.items.oneOf.properties.metric.title,Metric
properties.metrics.items.oneOf.properties.metric.description,
properties.metrics.items.oneOf.properties.value.title,Value
properties.metrics.items.oneOf.properties.value.description,
properties.metrics.items.oneOf.properties.value.enum,High;Medium;Low;
properties.metrics.items.oneOf.properties.value.type,string
properties.metrics.items.oneOf.additionalProperties,false
properties.metrics.items.oneOf.minProperties,2
properties.metrics.items.oneOf.required,metric;value
properties.metrics.items.oneOf.title,Guidestar Directors Quality of Match
properties.metrics.items.oneOf.description,Quality of match for Guidestar Directors data source
properties.metrics.items.oneOf.type,object
properties.metrics.items.oneOf.properties.metric.title,Metric
properties.metrics.items.oneOf.properties.metric.description,
properties.metrics.items.oneOf.properties.value.title,Value
properties.metrics.items.oneOf.properties.value.description,
properties.metrics.items.oneOf.properties.value.enum,High;Medium;Low;
properties.metrics.items.oneOf.properties.value.type,string
properties.metrics.items.oneOf.additionalProperties,false
properties.metrics.items.oneOf.minProperties,2
properties.metrics.items.oneOf.required,metric;value
properties.metrics.items.oneOf.title,Household Profile Quality of Match
properties.metrics.items.oneOf.description,Quality of match for Household Profile data source
properties.metrics.items.oneOf.type,object
properties.metrics.items.oneOf.properties.metric.title,Metric
properties.metrics.items.oneOf.properties.metric.description,
properties.metrics.items.oneOf.properties.value.title,Value
properties.metrics.items.oneOf.properties.value.description,
properties.metrics.items.oneOf.properties.value.enum,High;Medium;Low;
properties.metrics.items.oneOf.properties.value.type,string
properties.metrics.items.oneOf.additionalProperties,false
properties.metrics.items.oneOf.minProperties,2
properties.metrics.items.oneOf.required,metric;value
properties.metrics.items.oneOf.title,Hoover's Quality of Match
properties.metrics.items.oneOf.description,Quality of match for Hoover's data source
properties.metrics.items.oneOf.type,object
properties.metrics.items.oneOf.properties.metric.title,Metric
properties.metrics.items.oneOf.properties.metric.description,
properties.metrics.items.oneOf.properties.value.title,Value
properties.metrics.items.oneOf.properties.value.description,
properties.metrics.items.oneOf.properties.value.enum,High;Medium;Low;
properties.metrics.items.oneOf.properties.value.type,string
properties.metrics.items.oneOf.additionalProperties,false
properties.metrics.items.oneOf.minProperties,2
properties.metrics.items.oneOf.required,metric;value
properties.metrics.items.oneOf.title,Major Donor Quality of Match
properties.metrics.items.oneOf.description,Quality of match for Major Donor data source
properties.metrics.items.oneOf.type,object
properties.metrics.items.oneOf.properties.metric.title,Metric
properties.metrics.items.oneOf.properties.metric.description,
properties.metrics.items.oneOf.properties.value.title,Value
properties.metrics.items.oneOf.properties.value.description,
properties.metrics.items.oneOf.properties.value.enum,High;Medium;Low;
properties.metrics.items.oneOf.properties.value.type,string
properties.metrics.items.oneOf.additionalProperties,false
properties.metrics.items.oneOf.minProperties,2
properties.metrics.items.oneOf.required,metric;value
properties.metrics.items.oneOf.title,National Physicians Profiles Quality of Match
properties.metrics.items.oneOf.description,Quality of match for National Physicians Profiles data source
properties.metrics.items.oneOf.type,object
properties.metrics.items.oneOf.properties.metric.title,Metric
properties.metrics.items.oneOf.properties.metric.description,
properties.metrics.items.oneOf.properties.value.title,Value
properties.metrics.items.oneOf.properties.value.description,
properties.metrics.items.oneOf.properties.value.enum,High;Medium;Low;
properties.metrics.items.oneOf.properties.value.type,string
properties.metrics.items.oneOf.additionalProperties,false
properties.metrics.items.oneOf.minProperties,2
properties.metrics.items.oneOf.required,metric;value
properties.metrics.items.oneOf.title,Market Guide Quality of Match
properties.metrics.items.oneOf.description,Quality of match for Market Guide data source
properties.metrics.items.oneOf.type,object
properties.metrics.items.oneOf.properties.metric.title,Metric
properties.metrics.items.oneOf.properties.metric.description,
properties.metrics.items.oneOf.properties.value.title,Value
properties.metrics.items.oneOf.properties.value.description,
properties.metrics.items.oneOf.properties.value.enum,High;Medium;Low;
properties.metrics.items.oneOf.properties.value.type,string
properties.metrics.items.oneOf.additionalProperties,false
properties.metrics.items.oneOf.minProperties,2
properties.metrics.items.oneOf.required,metric;value
properties.metrics.items.oneOf.title,Market Guide Quality of Match
properties.metrics.items.oneOf.description,Quality of match for Market Guide data source
properties.metrics.items.oneOf.type,object
properties.metrics.items.oneOf.properties.metric.title,Metric
properties.metrics.items.oneOf.properties.metric.description,
properties.metrics.items.oneOf.properties.value.title,Value
properties.metrics.items.oneOf.properties.value.description,
properties.metrics.items.oneOf.properties.value.enum,High;Medium;Low;
properties.metrics.items.oneOf.properties.value.type,string
properties.metrics.items.oneOf.additionalProperties,false
properties.metrics.items.oneOf.minProperties,2
properties.metrics.items.oneOf.required,metric;value
properties.metrics.items.oneOf.title,Section 527 Political Directors Quality of Match
properties.metrics.items.oneOf.description,Quality of match for Section 527 Political Directors data source
properties.metrics.items.oneOf.type,object
properties.metrics.items.oneOf.properties.metric.title,Metric
properties.metrics.items.oneOf.properties.metric.description,
properties.metrics.items.oneOf.properties.value.title,Value
properties.metrics.items.oneOf.properties.value.description,
properties.metrics.items.oneOf.properties.value.enum,High;Medium;Low;
properties.metrics.items.oneOf.properties.value.type,string
properties.metrics.items.oneOf.additionalProperties,false
properties.metrics.items.oneOf.minProperties,2
properties.metrics.items.oneOf.required,metric;value
properties.metrics.items.oneOf.title,Pension Quality of Match
properties.metrics.items.oneOf.description,Quality of match for Pension data source
properties.metrics.items.oneOf.type,object
properties.metrics.items.oneOf.properties.metric.title,Metric
properties.metrics.items.oneOf.properties.metric.description,
properties.metrics.items.oneOf.properties.value.title,Value
properties.metrics.items.oneOf.properties.value.description,
properties.metrics.items.oneOf.properties.value.enum,High;Medium;Low;
properties.metrics.items.oneOf.properties.value.type,string
properties.metrics.items.oneOf.additionalProperties,false
properties.metrics.items.oneOf.minProperties,2
properties.metrics.items.oneOf.required,metric;value
properties.metrics.items.oneOf.title,Philanthropic Donations Quality of Match
properties.metrics.items.oneOf.description,Quality of match for Philanthropic Donations data source
properties.metrics.items.oneOf.type,object
properties.metrics.items.oneOf.properties.metric.title,Metric
properties.metrics.items.oneOf.properties.metric.description,
properties.metrics.items.oneOf.properties.value.title,Value
properties.metrics.items.oneOf.properties.value.description,
properties.metrics.items.oneOf.properties.value.enum,High;Medium;Low;
properties.metrics.items.oneOf.properties.value.type,string
properties.metrics.items.oneOf.additionalProperties,false
properties.metrics.items.oneOf.minProperties,2
properties.metrics.items.oneOf.required,metric;value
properties.metrics.items.oneOf.title,Section 527 Political Organizations Quality of Match
properties.metrics.items.oneOf.description,Quality of match for Section 527 Political Organizations data source
properties.metrics.items.oneOf.type,object
properties.metrics.items.oneOf.properties.metric.title,Metric
properties.metrics.items.oneOf.properties.metric.description,
properties.metrics.items.oneOf.properties.value.title,Value
properties.metrics.items.oneOf.properties.value.description,
properties.metrics.items.oneOf.properties.value.enum,High;Medium;Low;
properties.metrics.items.oneOf.properties.value.type,string
properties.metrics.items.oneOf.additionalProperties,false
properties.metrics.items.oneOf.minProperties,2
properties.metrics.items.oneOf.required,metric;value
properties.metrics.items.oneOf.title,State Political Donations Quality of Match
properties.metrics.items.oneOf.description,Quality of match for State Political Donations data source
properties.metrics.items.oneOf.type,object
properties.metrics.items.oneOf.properties.metric.title,Metric
properties.metrics.items.oneOf.properties.metric.description,
properties.metrics.items.oneOf.properties.value.title,Value
properties.metrics.items.oneOf.properties.value.description,
properties.metrics.items.oneOf.properties.value.enum,High;Medium;Low;
properties.metrics.items.oneOf.properties.value.type,string
properties.metrics.items.oneOf.additionalProperties,false
properties.metrics.items.oneOf.minProperties,2
properties.metrics.items.oneOf.required,metric;value
properties.metrics.items.oneOf.title,SSA Death Index Quality of Match
properties.metrics.items.oneOf.description,Quality of match for SSA Death Index data source
properties.metrics.items.oneOf.type,object
properties.metrics.items.oneOf.properties.metric.title,Metric
properties.metrics.items.oneOf.properties.metric.description,
properties.metrics.items.oneOf.properties.value.title,Value
properties.metrics.items.oneOf.properties.value.description,
properties.metrics.items.oneOf.properties.value.enum,High;Medium;Low;
properties.metrics.items.oneOf.properties.value.type,string
properties.metrics.items.oneOf.additionalProperties,false
properties.metrics.items.oneOf.minProperties,2
properties.metrics.items.oneOf.required,metric;value
properties.metrics.items.oneOf.title,Real Estate Quality of Match
properties.metrics.items.oneOf.description,Quality of match for Real Estate data source
properties.metrics.items.oneOf.type,object
properties.metrics.items.oneOf.properties.metric.title,Metric
properties.metrics.items.oneOf.properties.metric.description,
properties.metrics.items.oneOf.properties.value.title,Value
properties.metrics.items.oneOf.properties.value.description,
properties.metrics.items.oneOf.properties.value.enum,High;Medium;Low;
properties.metrics.items.oneOf.properties.value.type,string
properties.metrics.items.oneOf.additionalProperties,false
properties.metrics.items.oneOf.minProperties,2
properties.metrics.items.oneOf.required,metric;value
properties.metrics.items.oneOf.title,Wealth ID Securities Quality of Match
properties.metrics.items.oneOf.description,Quality of match for Wealth ID Securities data source
properties.metrics.items.oneOf.type,object
properties.metrics.items.oneOf.properties.metric.title,Metric
properties.metrics.items.oneOf.properties.metric.description,
properties.metrics.items.oneOf.properties.value.title,Value
properties.metrics.items.oneOf.properties.value.description,
properties.metrics.items.oneOf.properties.value.enum,High;Medium;Low;
properties.metrics.items.oneOf.properties.value.type,string
properties.metrics.items.oneOf.additionalProperties,false
properties.metrics.items.oneOf.minProperties,2
properties.metrics.items.oneOf.required,metric;value
properties.metrics.items.oneOf.title,Foundation Trustees Quality of Match
properties.metrics.items.oneOf.description,Quality of match for Foundation Trustees data source
properties.metrics.items.oneOf.type,object
properties.metrics.items.oneOf.properties.metric.title,Metric
properties.metrics.items.oneOf.properties.metric.description,
properties.metrics.items.oneOf.properties.value.title,Value
properties.metrics.items.oneOf.properties.value.description,
properties.metrics.items.oneOf.properties.value.enum,High;Medium;Low;
properties.metrics.items.oneOf.properties.value.type,string
properties.metrics.items.oneOf.additionalProperties,false
properties.metrics.items.oneOf.minProperties,2
properties.metrics.items.oneOf.required,metric;value
properties.metrics.items.oneOf.title,Merchant Vessels Quality of Match
properties.metrics.items.oneOf.description,Quality of match for Merchant Vessels data source
properties.metrics.items.oneOf.type,object
properties.metrics.items.oneOf.properties.metric.title,Metric
properties.metrics.items.oneOf.properties.metric.description,
properties.metrics.items.oneOf.properties.value.title,Value
properties.metrics.items.oneOf.properties.value.description,
properties.metrics.items.oneOf.properties.value.enum,High;Medium;Low;
properties.metrics.items.oneOf.properties.value.type,string
properties.metrics.items.oneOf.additionalProperties,false
properties.metrics.items.oneOf.minProperties,2
properties.metrics.items.oneOf.required,metric;value
properties.metrics.items.oneOf.title,Marquis Whoï¿½s Who Quality of Match
properties.metrics.items.oneOf.description,Quality of match for Marquis Whoï¿½s Who data source
properties.metrics.items.oneOf.type,object
properties.metrics.items.oneOf.properties.metric.title,Metric
properties.metrics.items.oneOf.properties.metric.description,
properties.metrics.items.oneOf.properties.value.title,Value
properties.metrics.items.oneOf.properties.value.description,
properties.metrics.items.oneOf.properties.value.enum,High;Medium;Low;
properties.metrics.items.oneOf.properties.value.type,string
properties.metrics.items.oneOf.additionalProperties,false
properties.metrics.items.oneOf.minProperties,2
properties.metrics.items.oneOf.required,metric;value
required,recordId;personId;title
additionalProperties,false